游戏,0.04364541057430366
小说,0.040587646633679884
搜索,0.031414354811808536
浏览器,0.02224106298993718
自动,0.02112914882971035
美团,0.016959470728859734
看点,0.01640351364874632
模板,0.014457663868349364
工作,0.012789792628009118
邮箱,0.012233835547895703
扫描,0.011677878467782288
外卖,0.011677878467782288
世界,0.01139989992772558
玩法,0.009732028687385335
明星,0.009732028687385335
文档,0.009454050147328627
网易,0.00917607160727192
风格,0.008898093067215212
热门,0.008342135987101797
大神,0.008064157447045089

视频,0.033096310898338505
滴滴,0.0260560405519572
学生,0.02464798648268094
汽车,0.021831878344128423
名师,0.01619966206702338
教学,0.015495635032385248
老师,0.014791607997747118
车型,0.013383553928470859
用车,0.012679526893832728
掌门,0.012679526893832728
招聘,0.011975499859194598
生活,0.011975499859194598
求职,0.011271472824556468
课堂,0.011271472824556468
卡车,0.010567445789918336
教育,0.010567445789918336
班级,0.009863418755280205
公益,0.009159391720642075
好看,0.009159391720642075
买车,0.009159391720642075

视频,0.13089572664665372
全网,0.02450335511213138
明星,0.017439961151333217
特色,0.016777767967508392
小时,0.014128995232209078
王牌,0.014128995232209078
好看,0.01346680204838425
会员,0.012804608864559421
传奇,0.012583877803284479
开启,0.012583877803284479
故事,0.012363146742009536
年轻人,0.011480222496909765
想要,0.011480222496909765
推荐,0.010818029313084938
综艺,0.010597298251809995
信息,0.009714374006710224
账号,0.009272911884160339
现金,0.009052180822885397
网络,0.008389987639060568
携手,0.008389987639060568

文档,0.03330891168242974
功能,0.025316371386705745
支付,0.01998801118955642
快递,0.01998801118955642
银行,0.015325696017050758
录制,0.014659650992407092
办公,0.014659650992407092
滴滴,0.014659650992407092
打印,0.013993605967763426
业务,0.012661515918476094
沟通,0.012661515918476094
远程,0.011995470893832428
设备,0.011329425869188762
寄件,0.010663380844545095
邮件,0.009997335819901428
保存,0.009997335819901428
消息,0.009331290795257761
登录,0.008665245770614095
客户,0.008665245770614095
屏幕,0.008665245770614095

海量,0.04713250979808503
音乐,0.03721039837277373
用户,0.0347298705164459
服务,0.03249739544575086
直播,0.02976881480379025
娱乐,0.016125911593987203
交流,0.013645383737659375
个性化,0.013397330952026592
出行,0.013149278166393809
准确,0.011909014238229897
独家,0.011660961452597114
作品,0.011164855881331547
提升,0.009924591953167635
评论,0.009924591953167635
过程,0.009676539167534852
趣味,0.009428486381902069
家长,0.009180433596269286
公交,0.009180433596269286
经典,0.008684328025003721
涵盖,0.008188222453738155

美颜,0.039559019346753356
滤镜,0.02154382392104645
自拍,0.019977285188376284
质感,0.019585650505208742
风格,0.01606093835670087
贴纸,0.015277668990365789
世界,0.014494399624030705
模式,0.013711130257695622
宝宝,0.013319495574528082
字幕,0.012536226208192999
拍摄,0.011752956841857917
芒果,0.011361322158690375
姐姐,0.011361322158690375
全身,0.010969687475522835
识别,0.00979478342602021
告别,0.00979478342602021
考试,0.009403148742852668
音乐,0.008228244693350045
儿歌,0.007836610010182503
神器,0.007836610010182503

作业,0.055449699791692196
游戏,0.03308724421026835
世界,0.020833843891679946
解析,0.01746415880406813
热门,0.01715782379610342
自动,0.015319813748315158
主播,0.012562798676632767
搜索,0.012256463668668055
输入,0.012256463668668055
搜狗,0.011950128660703345
键盘,0.010724788628844505
推荐,0.009805783604950375
手游,0.009805783604950375
加速,0.009499448596985665
头像,0.009193113589020955
学科,0.009193113589020955
连续,0.008886778581056244
腾讯,0.008274108565126824
弹幕,0.008274108565126824
玩家,0.007661438549197403

优酷,0.04060514051687616
喜剧,0.017303346984889143
播出,0.014831944640587489
下载,0.013066657251800595
动漫,0.009889139951984184
演绎,0.009889139951984184
爱情,0.009183024996469428
公关,0.00847691004095467
章鱼,0.007770795085439911
贴心,0.0074177376076825325
极限,0.007064680129925153
事业,0.006711622652167774
真人秀,0.006711622652167774
笔记,0.006711622652167774
竞演,0.006358565174410395
封箱,0.006358565174410395
联手,0.006358565174410395
打歌,0.006358565174410395
德云社,0.006358565174410395
管家,0.006005507696653017

漫画,0.03419059640265069
滤镜,0.027879457242032193
贴纸,0.022094246344798573
制作,0.021568318081413698
续费,0.018412748501104453
键盘,0.016834963710949828
学生,0.015783107184180082
卡点,0.01420532239402546
热播,0.010523824550331337
变声,0.00947196802356159
穿越,0.008946039760176714
分析,0.008946039760176714
分数,0.00842011149679184
转转,0.00736825497002209
少女,0.006842326706637216
账户,0.006842326706637216
王者,0.006316398443252341
考试,0.006316398443252341
买卖,0.006316398443252341
拍摄,0.006316398443252341

生活,0.06509856630824373
记录,0.03400010541851149
微信,0.020032152646004643
购物,0.019505060088551553
热门,0.01818732869491883
爱奇艺,0.016869597301286107
美食,0.016606051022559562
商品,0.015551865907653385
提醒,0.013179949399114486
正版,0.01054448661184904
新人,0.010280940333122497
旅游,0.010017394054395952
低价,0.008699662660763231
电商,0.008436116382036686
科学,0.008436116382036686
健康,0.008436116382036686
成长,0.007909023824583599
热播,0.0076454775458570535
特效,0.0076454775458570535
女性,0.007381931267130509

语音,0.03776536801586376
功能,0.03543246238189665
内容,0.03470342937128193
提供,0.026975679458765892
体验,0.025663420039659397
轻松,0.02362212760993818
学习,0.022893094599323458
专业,0.020268575761110463
分享,0.020268575761110463
输入,0.01881050973988102
表情,0.017498250320774525
有趣,0.015019538084684475
简单,0.013853085267700923
腾讯,0.011374373031610872
精准,0.011082759827364985
喜欢,0.011082759827364985
关注,0.010353726816750264
输入法,0.01020792021462732
方式,0.009916307010381431
原创,0.009624693806135544

智能,0.03186179708420113
一键,0.02876252107507686
官方,0.02541530298522265
反馈,0.01996057720916394
平台,0.019092779926609144
微信,0.01847292472478429
免费,0.017605127442229494
地图,0.015373648715660023
资讯,0.015249677675295052
聊天,0.014381880392740257
时间,0.014009967271645345
好友,0.01326614102945552
选择,0.01326614102945552
客服,0.012894227908360608
查询,0.011902459585440842
升级,0.011902459585440842
工具,0.011902459585440842
场景,0.010786720222156106
精彩,0.010662749181791135
动态,0.010166865020331251

健身,0.03375281214848145
健康,0.029534589426321717
训练,0.026722440944881895
音乐,0.026722440944881895
减肥,0.025316366704161986
运动,0.023910292463442076
瑜伽,0.020395106861642302
跑步,0.018285995500562435
薄荷,0.015473847019122616
冥想,0.014067772778402704
哔哩,0.011958661417322838
数据,0.011958661417322838
社区,0.011255624296962884
营养,0.011255624296962884
拍照,0.010552587176602927
翻译,0.010552587176602927
工作,0.009849550056242972
饮食,0.009849550056242972
乐器,0.009146512935883018
食物,0.009146512935883018

支持,0.05772185374863572
手机,0.05604273360758963
文字,0.023090000839560074
产品,0.023090000839560074
电影,0.021830660733775504
编辑,0.020781210645621696
识别,0.020361430610360175
照片,0.01868231046931408
品牌,0.016163630257744945
阅读,0.015953740240114183
服务,0.01574385022248342
精选,0.01553396020485266
热点,0.014484510116698853
设置,0.013644950046175806
查看,0.013644950046175806
高清,0.012805389975652759
用户,0.012595499958021996
专属,0.012385609940391236
红包,0.011546049869868189
添加,0.011336159852237428

提供,0.04277821344549796
出行,0.03600556070435588
服务,0.032441006630070574
企业,0.02994581877807086
信息,0.027450630926071144
管理,0.0245989876666429
公交,0.019965067370072
高德,0.01925215655521494
导航,0.01568760248092963
天猫,0.01568760248092963
智慧,0.013905325443786979
用户,0.013192414628929918
运动,0.011766592999215795
优惠,0.010697226776930205
共享,0.009984315962073144
景区,0.00891494973978755
酒店,0.00855849433235902
驾车,0.00855849433235902
工作,0.00820203892493049
团队,0.00820203892493049

